{
  "eda": {
    "total": 2000,
    "churned": 595,
    "retained": 1405,
    "churn_rate": 29.75,
    "cat_breakdowns": {
      "PreferedOrderCat": {
        "Fashion": 31.89,
        "Grocery": 28.98,
        "Laptop & Accessory": 26.590000000000003,
        "Mobile": 31.490000000000002,
        "Others": 31.53
      },
      "PreferredLoginDevice": {
        "Computer": 28.470000000000002,
        "Mobile Phone": 30.23,
        "Tablet": 30.349999999999998
      },
      "MaritalStatus": {
        "Divorced": 29.060000000000002,
        "Married": 28.939999999999998,
        "Single": 31.130000000000003
      },
      "Gender": {
        "Female": 29.270000000000003,
        "Male": 30.070000000000004
      },
      "CityTier": {
        "1": 29.99,
        "2": 28.99,
        "3": 30.5
      }
    },
    "num_comparison": {
      "Tenure": {
        "churned": 12.01,
        "retained": 39.14
      },
      "SatisfactionScore": {
        "churned": 1.49,
        "retained": 4.03
      },
      "OrderCount": {
        "churned": 2.31,
        "retained": 11.15
      },
      "DaySinceLastOrder": {
        "churned": 26.23,
        "retained": 6.97
      },
      "HourSpendOnApp": {
        "churned": 1.48,
        "retained": 2.99
      },
      "CashbackAmount": {
        "churned": 181.02,
        "retained": 177.41
      },
      "Complain": {
        "churned": 0.56,
        "retained": 0.15
      }
    }
  },
  "models": {
    "Logistic Regression": {
      "accuracy": 0.9975,
      "roc_auc": 1.0,
      "cv_mean": 1.0,
      "cv_std": 0.0,
      "precision": 1.0,
      "recall": 0.9916,
      "f1": 0.9958,
      "cm": [
        [
          281,
          0
        ],
        [
          1,
          118
        ]
      ],
      "fpr": [
        0.0
      ],
      "tpr": [
        0.0
      ],
      "feat_imp": null
    },
    "Random Forest": {
      "accuracy": 1.0,
      "roc_auc": 1.0,
      "cv_mean": 1.0,
      "cv_std": 0.0,
      "precision": 1.0,
      "recall": 1.0,
      "f1": 1.0,
      "cm": [
        [
          281,
          0
        ],
        [
          0,
          119
        ]
      ],
      "fpr": [
        0.0,
        0.0,
        0.028469750889679714,
        0.18861209964412812
      ],
      "tpr": [
        0.0,
        0.8739495798319328,
        1.0,
        1.0
      ],
      "feat_imp": [
        [
          "SatisfactionScore",
          0.4125065057079422
        ],
        [
          "DaySinceLastOrder",
          0.23747949752539677
        ],
        [
          "OrderCount",
          0.17858468155762558
        ],
        [
          "Tenure",
          0.09200494000595462
        ],
        [
          "HourSpendOnApp",
          0.04997654869201361
        ],
        [
          "Complain",
          0.01770243093315348
        ],
        [
          "OrderAmountHikeFromlastYear",
          0.00311114645545556
        ],
        [
          "CashbackAmount",
          0.0016325516154395562
        ],
        [
          "WarehouseToHome",
          0.0012003884262921894
        ],
        [
          "CouponUsed",
          0.001199328712790496
        ],
        [
          "PreferedOrderCat",
          0.0010989915929999529
        ],
        [
          "NumberOfAddress",
          0.0009646799127474355
        ]
      ]
    },
    "Gradient Boosting": {
      "accuracy": 1.0,
      "roc_auc": 1.0,
      "cv_mean": 1.0,
      "cv_std": 0.0,
      "precision": 1.0,
      "recall": 1.0,
      "f1": 1.0,
      "cm": [
        [
          281,
          0
        ],
        [
          0,
          119
        ]
      ],
      "fpr": [
        0.0
      ],
      "tpr": [
        0.0
      ],
      "feat_imp": [
        [
          "SatisfactionScore",
          0.9999999999999812
        ],
        [
          "CashbackAmount",
          1.488436213737051e-14
        ],
        [
          "OrderAmountHikeFromlastYear",
          3.694982147358207e-15
        ],
        [
          "HourSpendOnApp",
          1.9524830937154339e-16
        ],
        [
          "WarehouseToHome",
          2.772528735244923e-17
        ],
        [
          "Tenure",
          0.0
        ],
        [
          "CityTier",
          0.0
        ],
        [
          "NumberOfDeviceRegistered",
          0.0
        ],
        [
          "NumberOfAddress",
          0.0
        ],
        [
          "Complain",
          0.0
        ],
        [
          "CouponUsed",
          0.0
        ],
        [
          "OrderCount",
          0.0
        ]
      ]
    }
  },
  "feature_names": [
    "Tenure",
    "CityTier",
    "WarehouseToHome",
    "HourSpendOnApp",
    "NumberOfDeviceRegistered",
    "SatisfactionScore",
    "NumberOfAddress",
    "Complain",
    "OrderAmountHikeFromlastYear",
    "CouponUsed",
    "OrderCount",
    "DaySinceLastOrder",
    "CashbackAmount",
    "PreferredLoginDevice",
    "PreferredPaymentMode",
    "Gender",
    "PreferedOrderCat",
    "MaritalStatus"
  ],
  "dataset_sample": [
    {
      "CustomerID": "CUST00001",
      "Tenure": 13.0,
      "CityTier": 2,
      "WarehouseToHome": 25.0,
      "HourSpendOnApp": 3.7,
      "NumberOfDeviceRegistered": 5,
      "SatisfactionScore": 5,
      "NumberOfAddress": 1,
      "Complain": 0,
      "OrderAmountHikeFromlastYear": 16.5,
      "CouponUsed": 1.0,
      "OrderCount": 16.0,
      "DaySinceLastOrder": 6.0,
      "CashbackAmount": 181.65,
      "PreferredLoginDevice": "Tablet",
      "PreferredPaymentMode": "E-Wallet",
      "Gender": "Female",
      "PreferedOrderCat": "Fashion",
      "MaritalStatus": "Divorced",
      "Churn": 0
    },
    {
      "CustomerID": "CUST00002",
      "Tenure": 3.0,
      "CityTier": 1,
      "WarehouseToHome": 14.0,
      "HourSpendOnApp": 1.3,
      "NumberOfDeviceRegistered": 2,
      "SatisfactionScore": 2,
      "NumberOfAddress": 6,
      "Complain": 1,
      "OrderAmountHikeFromlastYear": 19.0,
      "CouponUsed": 4.0,
      "OrderCount": null,
      "DaySinceLastOrder": null,
      "CashbackAmount": 134.13,
      "PreferredLoginDevice": "Mobile Phone",
      "PreferredPaymentMode": "UPI",
      "Gender": "Male",
      "PreferedOrderCat": "Laptop & Accessory",
      "MaritalStatus": "Married",
      "Churn": 1
    },
    {
      "CustomerID": "CUST00003",
      "Tenure": 23.0,
      "CityTier": 1,
      "WarehouseToHome": 20.0,
      "HourSpendOnApp": 0.0,
      "NumberOfDeviceRegistered": 2,
      "SatisfactionScore": 2,
      "NumberOfAddress": 7,
      "Complain": 1,
      "OrderAmountHikeFromlastYear": null,
      "CouponUsed": 8.0,
      "OrderCount": 2.0,
      "DaySinceLastOrder": 44.0,
      "CashbackAmount": 232.3,
      "PreferredLoginDevice": "Mobile Phone",
      "PreferredPaymentMode": "E-Wallet",
      "Gender": "Female",
      "PreferedOrderCat": "Laptop & Accessory",
      "MaritalStatus": "Single",
      "Churn": 1
    },
    {
      "CustomerID": "CUST00004",
      "Tenure": 53.0,
      "CityTier": 1,
      "WarehouseToHome": 11.0,
      "HourSpendOnApp": 3.7,
      "NumberOfDeviceRegistered": 2,
      "SatisfactionScore": 3,
      "NumberOfAddress": 6,
      "Complain": 0,
      "OrderAmountHikeFromlastYear": 8.8,
      "CouponUsed": 4.0,
      "OrderCount": 12.0,
      "DaySinceLastOrder": 4.0,
      "CashbackAmount": 46.61,
      "PreferredLoginDevice": "Computer",
      "PreferredPaymentMode": "Cash on Delivery",
      "Gender": "Female",
      "PreferedOrderCat": "Mobile",
      "MaritalStatus": "Single",
      "Churn": 0
    },
    {
      "CustomerID": "CUST00005",
      "Tenure": 32.0,
      "CityTier": 3,
      "WarehouseToHome": 8.0,
      "HourSpendOnApp": 2.7,
      "NumberOfDeviceRegistered": 5,
      "SatisfactionScore": 4,
      "NumberOfAddress": 6,
      "Complain": 0,
      "OrderAmountHikeFromlastYear": 9.8,
      "CouponUsed": 2.0,
      "OrderCount": 10.0,
      "DaySinceLastOrder": 3.0,
      "CashbackAmount": 155.91,